prac_id,prac_name,prac_license_number,prac_NPI_Number,prac_license_expiry_date,prac_date_of_birth,prac_gender,prac_bank_account_number,prac_contact_number,prac_email_address,prac_practice_address_line1,prac_practice_address_line2,prac_practice_city,prac_practice_state,prac_practice_pincode,prac_primary_specialty,prac_secondary_specialty,prac_taxonomy_code,prac_medical_school,prac_graduation_year,prac_primary_hospital_id,prac_is_solo_practice,prac_onboarding_date,prac_practitioner_status,prac_sanction_history_details
PRAC-1000,Zeeshan Loke,MCI/TAM/63938,4863571915,2026-04-24,1964-04-29,Female,328622596952,98896868033,zeeshan.doc92@clinic.com,H.No. 908 Arora Path,,Madurai,Tamil Nadu,638131,Cardiology,General Surgery,207R00000X,Christian Medical College,1990,HOSP-0023,N,2024-08-21,Active,
PRAC-1001,Jayant Basu,MCI/KAR/70635,1408799792,2028-01-06,1960-08-24,Male,855575904329,97993622480,jayant.doc33@clinic.com,H.No. 78 Mangat Circle,,Mysore,Karnataka,577401,Neurology,Oncology,2084N0400X,Christian Medical College,1984,HOSP-0022,N,1999-02-10,Active,
PRAC-1002,Madhup Suresh,MCI/WES/14702,0484167007,2026-05-22,1987-06-10,Female,278731814488,99605697773,madhup.doc51@clinic.com,H.No. 45 Lalla Circle,Banerjee Chowk,Howrah,West Bengal,789249,Oncology,,207R00000X,JIPMER,2016,HOSP-0019,Y,2019-07-26,Active,
PRAC-1003,Rasha Khosla,MCI/MAH/60929,7374378433,2028-03-08,1983-12-23,Female,606093538944,97124155329,rasha.doc87@clinic.com,532- Kara Marg,,Nagpur,Maharashtra,431257,Pediatrics,General Surgery,208000000X,All India Institute of Medical Sciences,2009,HOSP-0044,N,2019-08-24,Active,
PRAC-1004,Shamik Hayre,MCI/MAH/33899,2794572905,2029-03-22,1984-12-09,Male,772854594412,99259934153,shamik.doc47@clinic.com,H.No. 66- Dalal Path,,Pune,Maharashtra,442554,Oncology,Neurology,207R00000X,Christian Medical College,2009,HOSP-0003,N,2017-06-26,Active,
PRAC-1005,Yasmin Mann,MCI/WES/33472,2733037832,2028-11-26,1970-03-29,Other,585059412199,99835341178,yasmin.doc99@clinic.com,H.No. 784 Golla Road,,Howrah,West Bengal,788200,Cardiology,Pediatrics,207R00000X,Maulana Azad Medical College,1996,HOSP-0035,N,2025-04-01,Active,
PRAC-1006,Nitara Dalal,MCI/TAM/97255,3156027698,2026-07-17,1986-06-03,Female,937981429919,99920919767,nitara.doc62@clinic.com,60/93 Hayer Circle,,Coimbatore,Tamil Nadu,649703,General Practice,General Surgery,208D00000X,Christian Medical College,2012,HOSP-0020,Y,2014-10-01,Active,
PRAC-1007,Kanav Dave,MCI/DEL/20080,8333407532,2026-10-18,1982-06-28,Male,013643383220,97920291055,kanav.doc99@clinic.com,H.No. 089- Devi Chowk,,New Delhi,Delhi,110097,Cardiology,General Practice,207R00000X,Christian Medical College,2007,HOSP-0025,N,2012-03-06,Active,
PRAC-1008,Drishya Wason,MCI/TAM/74817,9853105753,2027-12-08,1993-12-27,Male,034203649068,97466665558,drishya.doc59@clinic.com,H.No. 66- Jayaraman Ganj,,Madurai,Tamil Nadu,687735,General Practice,Oncology,208D00000X,All India Institute of Medical Sciences,2020,HOSP-0047,Y,2023-07-31,Active,
PRAC-1009,Biju Karnik,MCI/WES/62008,4494128968,2029-11-29,1992-12-04,Female,125689267229,98310889769,biju.doc65@clinic.com,H.No. 747- Cheema Marg,,Howrah,West Bengal,738055,Orthopedic Surgery,Dermatology,207X00000X,Kasturba Medical College,2021,HOSP-0015,Y,2024-07-09,Active,
PRAC-1010,Vaibhav Kunda,MCI/DEL/74781,3224741541,2028-03-22,1975-03-05,Male,574740325305,97154170984,vaibhav.doc9@clinic.com,07/84- Gola Chowk,,New Delhi,Delhi,110010,Neurology,Oncology,2084N0400X,Christian Medical College,2001,HOSP-0033,Y,2008-08-21,Inactive,
PRAC-1011,Nitara Magar,MCI/DEL/98133,3131410841,2027-05-21,1996-12-08,Male,469165708826,97091237022,nitara.doc46@clinic.com,82 Varghese,Biswas Circle,New Delhi,Delhi,110021,General Practice,Dermatology,208D00000X,Maulana Azad Medical College,2026,HOSP-0017,Y,2028-01-01,Active,
PRAC-1012,Anya Goel,MCI/DEL/16495,6693596719,2027-06-27,1963-08-31,Other,972140471443,97278863095,anya.doc82@clinic.com,09- Chahal Marg,Sha Chowk,New Delhi,Delhi,110000,Dermatology,,207N00000X,Armed Forces Medical College,1993,HOSP-0048,N,2022-12-27,Active,
PRAC-1013,Mannat Zacharia,MCI/KAR/76381,9030429536,2026-11-06,1974-11-28,Male,879739717422,98537675507,mannat.doc63@clinic.com,690- Warrior Circle,Kadakia Street,Mysore,Karnataka,578871,Pediatrics,,208000000X,Armed Forces Medical College,2003,HOSP-0039,N,2008-07-21,Active,
PRAC-1014,Piya Devi,MCI/WES/78643,1547739690,2029-11-25,1968-08-29,Other,581322141400,98845909286,piya.doc13@clinic.com,H.No. 528- Sandal,Korpal Road,Howrah,West Bengal,702071,Neurology,Cardiology,2084N0400X,Kasturba Medical College,1993,HOSP-0032,N,2004-08-06,Active,
PRAC-1015,Jivika Kohli,MCI/KAR/78794,5574719840,2025-10-16,1968-06-02,Female,187946507825,99860705517,jivika.doc41@clinic.com,857 Chanda Marg,Anand,Mysore,Karnataka,578197,General Practice,Oncology,208D00000X,JIPMER,1993,HOSP-0012,N,2012-04-28,Active,
PRAC-1016,Aayush Ramachandran,MCI/WES/94135,4667091310,2026-04-18,1965-09-21,Male,520259728523,99917592157,aayush.doc64@clinic.com,32/11 Hora Zila,,Kolkata,West Bengal,726547,General Practice,Neurology,208D00000X,JIPMER,1992,HOSP-0003,N,2015-06-28,Active,
PRAC-1017,Mehul Buch,MCI/TAM/61578,7470705445,2026-09-15,1990-12-17,Other,717106046153,97342451709,mehul.doc3@clinic.com,H.No. 015 Dhillon Chowk,Kibe,Coimbatore,Tamil Nadu,696769,Oncology,Pediatrics,207R00000X,Kasturba Medical College,2018,HOSP-0046,N,2022-01-23,Active,
PRAC-1018,Divyansh Sabharwal,MCI/WES/13824,5510879749,2030-06-01,1994-07-05,Female,610286384408,99469514495,divyansh.doc60@clinic.com,H.No. 70- Baral Road,Yadav Chowk,Kolkata,West Bengal,733231,Dermatology,Orthopedic Surgery,207N00000X,Christian Medical College,2022,HOSP-0047,Y,2024-07-30,Active,
PRAC-1019,Mannat Shukla,MCI/TAM/47966,4613588077,2028-07-18,1987-05-02,Female,467432293930,97261751158,mannat.doc73@clinic.com,54- Sahota Road,,Coimbatore,Tamil Nadu,604477,Cardiology,Dermatology,207R00000X,Maulana Azad Medical College,2012,HOSP-0024,N,2023-06-03,Active,
PRAC-1020,Farhan Dayal,MCI/WES/65394,5560222525,2029-03-22,1983-05-15,Female,037832411372,97978703121,farhan.doc5@clinic.com,H.No. 660 Bhargava Road,Kapur Ganj,Howrah,West Bengal,774330,Pediatrics,,208000000X,Kasturba Medical College,2007,HOSP-0031,N,2020-03-30,Active,
PRAC-1021,Rohan Agarwal,MCI/MAH/89972,3708177228,2025-11-16,1984-07-07,Male,608644846736,99111016984,rohan.doc99@clinic.com,H.No. 532- Sama Circle,Bajwa Nagar,Nagpur,Maharashtra,444085,Dermatology,Oncology,207N00000X,All India Institute of Medical Sciences,2008,HOSP-0008,N,2020-03-19,Active,
PRAC-1022,Anay Dugar,MCI/DEL/25169,7318552878,2026-01-30,1966-07-08,Female,348129992489,98742201354,anay.doc58@clinic.com,H.No. 697 Goswami Ganj,,New Delhi,Delhi,110052,Orthopedic Surgery,Pediatrics,207X00000X,Maulana Azad Medical College,1993,HOSP-0049,Y,2015-05-29,Active,
PRAC-1023,Farhan Bassi,MCI/MAH/37162,7414215877,2028-06-01,1961-01-02,Male,017787276306,97132158920,farhan.doc13@clinic.com,06/51- Gole Ganj,,Nagpur,Maharashtra,472171,Cardiology,Dermatology,207R00000X,Kasturba Medical College,1989,HOSP-0008,Y,2024-07-01,Active,
PRAC-1024,Indranil Srinivasan,MCI/MAH/91571,2431223461,2029-01-03,1987-03-20,Other,549564832205,98960737799,indranil.doc21@clinic.com,41- Grover Chowk,,Mumbai,Maharashtra,405900,Cardiology,Oncology,207R00000X,Armed Forces Medical College,2014,HOSP-0032,Y,2025-05-20,Active,
PRAC-1025,Ritvik Deshmukh,MCI/TAM/21423,2667489578,2026-09-30,1974-02-12,Male,786949111697,98684914499,ritvik.doc35@clinic.com,93/038- Basu Street,Kothari Ganj,Madurai,Tamil Nadu,628246,Orthopedic Surgery,General Surgery,207X00000X,Christian Medical College,2000,HOSP-0014,Y,2007-09-26,Active,
PRAC-1026,Alisha Chander,MCI/TAM/11991,1836562459,2026-09-17,1973-12-04,Male,321846771733,97900234483,alisha.doc48@clinic.com,H.No. 95- Sem Marg,Dugar,Coimbatore,Tamil Nadu,674964,General Practice,,208D00000X,All India Institute of Medical Sciences,1999,HOSP-0011,N,2020-05-22,Active,
PRAC-1027,Jhanvi Iyer,MCI/TAM/19955,4007588521,2028-11-29,1983-08-21,Female,198478525970,97323864276,jhanvi.doc29@clinic.com,63 Comar Ganj,,Coimbatore,Tamil Nadu,682929,Orthopedic Surgery,Pediatrics,207X00000X,All India Institute of Medical Sciences,2011,HOSP-0010,N,2023-09-01,Active,
PRAC-1028,Piya Johal,MCI/KAR/76978,7034769593,2028-11-16,1985-11-08,Male,192353807809,97486920715,piya.doc26@clinic.com,H.No. 641- Lanka Nagar,Rama Circle,Mysore,Karnataka,576758,Oncology,,207R00000X,Armed Forces Medical College,2013,HOSP-0019,N,2020-09-22,Active,
PRAC-1029,Gokul Mand,MCI/DEL/61157,0543719676,2028-09-04,1993-09-08,Female,641095388255,98500582061,gokul.doc20@clinic.com,42/026 Dash Nagar,Gupta Chowk,New Delhi,Delhi,110020,Dermatology,Cardiology,207N00000X,JIPMER,2019,HOSP-0044,N,2023-09-13,Active,
PRAC-1030,Biju Raja,MCI/KAR/63615,7527432494,2027-02-04,1971-01-26,Other,335604089811,98999340730,biju.doc94@clinic.com,559 Dhingra Path,Chandra,Bangalore,Karnataka,568774,Oncology,,207R00000X,Kasturba Medical College,1995,HOSP-0005,N,2005-10-09,Active,
PRAC-1031,Nayantara Deo,MCI/DEL/66841,9536738105,2030-03-10,1996-07-06,Female,602815899732,97434639802,nayantara.doc94@clinic.com,55/60- Dar Street,,New Delhi,Delhi,110071,General Surgery,,208600000X,All India Institute of Medical Sciences,2025,HOSP-0008,N,2027-01-01,Active,
PRAC-1032,Dishani Borde,MCI/TAM/25292,5126465633,2026-03-05,1972-02-18,Other,995576172042,99110043807,dishani.doc69@clinic.com,01- Andra Nagar,,Madurai,Tamil Nadu,647885,Dermatology,General Practice,207N00000X,JIPMER,1996,HOSP-0010,N,2023-06-05,Active,
PRAC-1033,Zaina Lanka,MCI/TAM/80336,7484585887,2026-12-03,1992-04-02,Female,729261526300,97094464673,zaina.doc62@clinic.com,H.No. 82- Varma Ganj,Andra Road,Chennai,Tamil Nadu,638039,General Practice,,208D00000X,Christian Medical College,2016,HOSP-0029,Y,2025-07-22,Sanctioned,Accusantium facere natus voluptas quis ipsum.
PRAC-1034,Shamik Barad,MCI/KAR/27232,4701743066,2027-12-28,1969-12-23,Female,952272282575,99523004066,shamik.doc69@clinic.com,H.No. 803 Baral Street,,Mysore,Karnataka,575934,Cardiology,General Surgery,207R00000X,Kasturba Medical College,1998,HOSP-0039,Y,2011-05-16,Active,
PRAC-1035,Vidur Vaidya,MCI/MAH/73293,0875707808,2028-01-22,1992-10-21,Other,301764653674,97983117514,vidur.doc31@clinic.com,50/000- Hans Circle,Sethi Chowk,Nagpur,Maharashtra,436944,Orthopedic Surgery,,207X00000X,Armed Forces Medical College,2020,HOSP-0029,N,2025-01-09,Active,
PRAC-1036,Arnav Khanna,MCI/WES/44765,1259353013,2027-05-13,1984-04-10,Male,949035905080,99765906578,arnav.doc36@clinic.com,82 Kibe Nagar,,Howrah,West Bengal,774424,Neurology,General Practice,2084N0400X,Armed Forces Medical College,2012,HOSP-0024,N,2020-03-13,Inactive,
PRAC-1037,Neelofar Agate,MCI/MAH/24902,9914080307,2028-05-06,1988-07-04,Male,120993625845,97369412661,neelofar.doc77@clinic.com,H.No. 263- Rajagopalan Path,,Mumbai,Maharashtra,491355,Oncology,Pediatrics,207R00000X,All India Institute of Medical Sciences,2016,HOSP-0021,Y,2020-02-07,Active,
PRAC-1038,Aarav Sarin,MCI/MAH/30331,8015827847,2029-06-26,1979-09-28,Female,070732437650,99296692447,aarav.doc68@clinic.com,H.No. 21 Singh Chowk,,Nagpur,Maharashtra,494250,General Practice,General Surgery,208D00000X,Kasturba Medical College,2009,HOSP-0046,N,2020-04-23,Active,
PRAC-1039,Ivana Balasubramanian,MCI/TAM/15201,9183351702,2029-06-05,1976-11-12,Male,359232324828,99712725768,ivana.doc7@clinic.com,85/12- Rama Ganj,Hayer Ganj,Coimbatore,Tamil Nadu,612396,Orthopedic Surgery,Dermatology,207X00000X,All India Institute of Medical Sciences,2006,HOSP-0046,N,2013-12-11,Active,
PRAC-1040,Badal Raval,MCI/DEL/39760,3674086098,2025-09-12,1969-12-04,Male,019889712260,99136452261,badal.doc58@clinic.com,H.No. 278 Issac Nagar,,New Delhi,Delhi,110027,Cardiology,Pediatrics,207R00000X,All India Institute of Medical Sciences,1999,HOSP-0047,N,2010-07-02,Active,
PRAC-1041,Himmat Dutta,MCI/KAR/55788,0453825890,2029-08-07,1990-01-26,Other,273744335083,99468000498,himmat.doc77@clinic.com,H.No. 696- Kakar Marg,Bawa Path,Bangalore,Karnataka,585359,Oncology,,207R00000X,All India Institute of Medical Sciences,2015,HOSP-0023,N,2022-04-10,Active,
PRAC-1042,Anay Bhargava,MCI/MAH/48214,0240766611,2029-03-14,1991-11-27,Female,014511380892,98099907851,anay.doc92@clinic.com,H.No. 06- Vala Circle,,Nagpur,Maharashtra,482942,General Practice,Neurology,208D00000X,Armed Forces Medical College,2020,HOSP-0048,N,2024-05-01,Active,
PRAC-1043,Madhup Sinha,MCI/TAM/68048,5695424213,2026-11-13,1976-04-01,Female,231869296397,99750445233,madhup.doc87@clinic.com,H.No. 096- Bera Marg,,Chennai,Tamil Nadu,691861,General Surgery,Dermatology,208600000X,All India Institute of Medical Sciences,2002,HOSP-0013,Y,2011-10-26,Active,
PRAC-1044,Umang Comar,MCI/WES/95865,6107543580,2026-06-21,1980-07-11,Female,090125253472,98920233770,umang.doc73@clinic.com,80/760- Shan Street,Sarna Path,Howrah,West Bengal,760952,General Surgery,Cardiology,208600000X,Armed Forces Medical College,2007,HOSP-0038,N,2015-03-05,Active,
PRAC-1045,Zara Bhasin,MCI/DEL/38734,9054564634,2026-05-15,1960-04-23,Male,538123570610,98777059287,zara.doc76@clinic.com,77/117- Majumdar Chowk,,New Delhi,Delhi,110096,Dermatology,Pediatrics,207N00000X,Armed Forces Medical College,1985,HOSP-0038,Y,1994-04-02,Active,
PRAC-1046,Ojas Kohli,MCI/TAM/88483,9430912293,2028-04-26,1971-10-01,Female,272120841021,99798050518,ojas.doc95@clinic.com,813 Ratti Nagar,,Madurai,Tamil Nadu,620996,Cardiology,Oncology,207R00000X,Kasturba Medical College,1995,HOSP-0025,Y,2010-02-28,Active,
PRAC-1047,Taimur Kannan,MCI/DEL/78282,5132843813,2025-12-14,1980-10-18,Female,385288682519,97480524289,taimur.doc68@clinic.com,67- Goda Road,Agrawal Circle,New Delhi,Delhi,110027,General Practice,Pediatrics,208D00000X,Maulana Azad Medical College,2006,HOSP-0020,N,2013-12-14,Active,
PRAC-1048,Oorja Sharma,MCI/WES/84834,3581562657,2030-05-02,1995-09-18,Male,789851488925,98101074701,oorja.doc64@clinic.com,88/015- Sabharwal Nagar,,Kolkata,West Bengal,724434,Cardiology,General Practice,207R00000X,Maulana Azad Medical College,2023,HOSP-0011,Y,2025-06-03,Active,
PRAC-1049,Eva Yogi,MCI/DEL/94883,9265003444,2028-10-05,1983-05-31,Female,588157481985,99994664413,eva.doc74@clinic.com,095 Roy Path,,New Delhi,Delhi,110060,Oncology,General Surgery,207R00000X,Christian Medical College,2012,HOSP-0024,N,2024-04-15,Active,
PRAC-1050,Zoya Bhatti,MCI/KAR/30639,5674318050,2029-08-30,1963-06-28,Female,749943032923,98136103806,zoya.doc58@clinic.com,H.No. 735- Bose Marg,Lalla Chowk,Bangalore,Karnataka,578789,Pediatrics,,208000000X,JIPMER,1992,HOSP-0042,Y,2023-11-29,Active,
PRAC-1051,Tejas Gade,MCI/DEL/62312,1584655853,2026-03-25,1985-07-15,Male,849591473322,99193199750,tejas.doc36@clinic.com,67/788- Suri Zila,Ramachandran,New Delhi,Delhi,110001,Oncology,General Practice,207R00000X,Maulana Azad Medical College,2014,HOSP-0027,Y,2018-09-10,Active,
PRAC-1052,Tushar Sankar,MCI/KAR/21268,4879255889,2028-03-17,1978-05-20,Male,046794472595,99788952453,tushar.doc91@clinic.com,676- Karpe,,Mysore,Karnataka,569065,General Practice,Cardiology,208D00000X,Maulana Azad Medical College,2002,HOSP-0029,N,2009-11-27,Sanctioned,Beatae dolore eveniet quo nemo recusandae adipisci tenetur odio quam quo reiciendis.
PRAC-1053,Fateh Gera,MCI/DEL/27874,2361594367,2029-06-08,1977-11-30,Other,146048482933,98454182654,fateh.doc58@clinic.com,H.No. 07- Batta Chowk,Manne Nagar,New Delhi,Delhi,110073,General Practice,General Surgery,208D00000X,Christian Medical College,2005,HOSP-0029,N,2011-07-28,Active,
PRAC-1054,Chirag Viswanathan,MCI/DEL/20142,1672362289,2026-09-04,1964-01-03,Other,731927636797,98883179240,chirag.doc37@clinic.com,49/80- Chauhan Road,,New Delhi,Delhi,110037,Oncology,Neurology,207R00000X,JIPMER,1988,HOSP-0018,Y,2011-07-02,Active,
PRAC-1055,Nayantara Dayal,MCI/MAH/56531,9326545325,2030-06-13,1968-02-15,Female,413944403453,97434530835,nayantara.doc41@clinic.com,08 Bajwa Zila,Lal Chowk,Pune,Maharashtra,412368,Neurology,General Surgery,2084N0400X,JIPMER,1996,HOSP-0035,N,1998-05-27,Active,
PRAC-1056,Lakshay Sangha,MCI/WES/23943,3763130228,2026-04-16,1981-04-25,Other,020311421889,99383224503,lakshay.doc79@clinic.com,023- Dutta Street,Vig Nagar,Howrah,West Bengal,784614,General Practice,Neurology,208D00000X,All India Institute of Medical Sciences,2011,HOSP-0047,Y,2015-07-06,Active,
PRAC-1057,Pari Krishna,MCI/DEL/55855,0630483031,2029-07-17,1969-02-27,Other,018541544252,99396597008,pari.doc4@clinic.com,02- Kala Nagar,,New Delhi,Delhi,110077,Cardiology,Oncology,207R00000X,Armed Forces Medical College,1994,HOSP-0040,N,2017-09-20,Active,
PRAC-1058,Lavanya Chanda,MCI/TAM/70833,2500380910,2028-11-04,1982-01-14,Male,470402734553,99803532361,lavanya.doc17@clinic.com,428- Ganguly Road,,Chennai,Tamil Nadu,623894,General Surgery,Cardiology,208600000X,Kasturba Medical College,2011,HOSP-0013,N,2021-08-25,Active,
PRAC-1059,Devansh Deshmukh,MCI/MAH/92606,0608691610,2028-06-26,1970-04-03,Male,114246029224,99296150470,devansh.doc23@clinic.com,434- Kapadia Nagar,Bal Chowk,Nagpur,Maharashtra,489613,General Practice,Pediatrics,208D00000X,Armed Forces Medical College,1999,HOSP-0050,Y,2007-04-15,Under Review,
PRAC-1060,Vardaniya Gola,MCI/DEL/68548,8712860819,2029-04-30,1994-09-07,Other,585747587580,99229962046,vardaniya.doc54@clinic.com,351- Soni Zila,,New Delhi,Delhi,110090,Dermatology,Orthopedic Surgery,207N00000X,Armed Forces Medical College,2023,HOSP-0028,N,2025-02-19,Active,
PRAC-1061,Tejas Goda,MCI/TAM/97073,9000531069,2030-03-11,1960-10-16,Female,648775205757,98557785381,tejas.doc11@clinic.com,69/467 Sarna Circle,Samra Street,Chennai,Tamil Nadu,611043,Oncology,Orthopedic Surgery,207R00000X,JIPMER,1986,HOSP-0047,Y,2018-03-26,Active,
PRAC-1062,Jayant Amble,MCI/MAH/36229,9877422175,2026-01-23,1997-06-23,Other,353824603633,97825217279,jayant.doc9@clinic.com,14/86- Tata Zila,,Mumbai,Maharashtra,468561,Dermatology,Cardiology,207N00000X,JIPMER,2025,HOSP-0043,Y,2027-01-01,Active,
PRAC-1063,Heer Bava,MCI/WES/90833,1206671229,2029-10-31,1991-10-08,Female,314631799003,97882727475,heer.doc88@clinic.com,H.No. 193 Sahni Nagar,Luthra Road,Kolkata,West Bengal,799492,Oncology,Neurology,207R00000X,All India Institute of Medical Sciences,2016,HOSP-0021,Y,2022-02-24,Active,
PRAC-1064,Lavanya Sandhu,MCI/KAR/34837,2443301641,2026-11-28,1973-12-15,Female,121140960183,98925904530,lavanya.doc65@clinic.com,990 Thaman,Sheth Path,Bangalore,Karnataka,563145,General Practice,Cardiology,208D00000X,Kasturba Medical College,1999,HOSP-0045,N,2024-09-17,Inactive,
PRAC-1065,Zain Chaudhry,MCI/KAR/94092,2893469102,2029-12-21,1997-05-11,Male,328800908885,98434646662,zain.doc84@clinic.com,H.No. 346 Kapoor Path,Mallick Street,Bangalore,Karnataka,581835,Dermatology,Neurology,207N00000X,Christian Medical College,2026,HOSP-0045,Y,2028-01-01,Active,
PRAC-1066,Anika Bhasin,MCI/DEL/53696,9826561348,2029-06-25,1964-03-11,Other,559562138668,98780381862,anika.doc32@clinic.com,53- Sengupta Ganj,,New Delhi,Delhi,110037,Oncology,General Surgery,207R00000X,Maulana Azad Medical College,1990,HOSP-0048,Y,2016-04-29,Active,
PRAC-1067,Mahika Dugar,MCI/TAM/79658,8514463857,2027-09-20,1994-11-24,Male,471465394413,99460199635,mahika.doc53@clinic.com,28/066- Rana Nagar,,Madurai,Tamil Nadu,699445,General Practice,General Surgery,208D00000X,Kasturba Medical College,2023,HOSP-0008,Y,2025-02-24,Active,
PRAC-1068,Sahil Sachdeva,MCI/DEL/94073,1538989444,2030-06-13,1974-09-24,Other,360728666637,98002775549,sahil.doc31@clinic.com,H.No. 29- Dhawan Path,Shah Zila,New Delhi,Delhi,110075,Oncology,Neurology,207R00000X,Armed Forces Medical College,2001,HOSP-0033,N,2015-05-10,Active,
PRAC-1069,Jayant Suresh,MCI/DEL/43466,6937829809,2026-04-01,1970-02-19,Female,699884548028,99388105493,jayant.doc68@clinic.com,91- Chaudhari Circle,Mahal Road,New Delhi,Delhi,110028,Pediatrics,Dermatology,208000000X,Armed Forces Medical College,1995,HOSP-0024,N,2015-07-19,Inactive,
PRAC-1070,Anay Chakraborty,MCI/KAR/16870,2893081733,2026-05-07,1976-08-14,Male,702870879037,98552480353,anay.doc87@clinic.com,025 Madan Street,Vig Nagar,Bangalore,Karnataka,565565,Orthopedic Surgery,Oncology,207X00000X,Maulana Azad Medical College,2002,HOSP-0017,Y,2017-09-18,Active,
PRAC-1071,Jhanvi Loyal,MCI/TAM/38609,9038084587,2026-03-24,1973-04-21,Other,271090914353,99821146949,jhanvi.doc81@clinic.com,H.No. 12- Tara,Solanki Road,Madurai,Tamil Nadu,684463,Orthopedic Surgery,Cardiology,207X00000X,Maulana Azad Medical College,2003,HOSP-0018,Y,2009-03-06,Active,
PRAC-1072,Lakshay Ramesh,MCI/WES/71353,9457460902,2030-07-24,1965-05-03,Male,853346092290,98665244549,lakshay.doc46@clinic.com,H.No. 00- Hayer Road,Wable Street,Howrah,West Bengal,741649,Neurology,Dermatology,2084N0400X,JIPMER,1994,HOSP-0015,N,1998-10-24,Inactive,
PRAC-1073,Armaan Gupta,MCI/WES/16612,0866950528,2026-03-28,1972-12-01,Other,401785011388,98538509020,armaan.doc6@clinic.com,677 Kala,Sinha Ganj,Kolkata,West Bengal,769486,Neurology,Cardiology,2084N0400X,Maulana Azad Medical College,1999,HOSP-0020,Y,2024-11-17,Active,
PRAC-1074,Riaan Anne,MCI/TAM/93971,3906865779,2026-01-10,1966-06-28,Female,631346711894,98252425091,riaan.doc82@clinic.com,71/934- Koshy Path,,Madurai,Tamil Nadu,677248,Dermatology,General Surgery,207N00000X,Maulana Azad Medical College,1992,HOSP-0036,N,2024-07-31,Active,
PRAC-1075,Shlok Mahajan,MCI/KAR/10510,4853298893,2029-12-12,1990-09-18,Male,785389178296,97723932779,shlok.doc9@clinic.com,537 Khosla Chowk,,Mysore,Karnataka,588481,Cardiology,,207R00000X,Armed Forces Medical College,2014,HOSP-0006,N,2016-01-29,Active,
PRAC-1076,Neelofar Bhavsar,MCI/DEL/47677,0539613629,2026-08-11,1969-10-23,Male,493708648411,97366445642,neelofar.doc69@clinic.com,454 Mammen Chowk,,New Delhi,Delhi,110057,Neurology,Dermatology,2084N0400X,Armed Forces Medical College,1994,HOSP-0046,N,2017-10-09,Under Review,
PRAC-1077,Riaan Gala,MCI/MAH/11152,8772975823,2030-03-14,1979-11-17,Female,375007010659,99911423495,riaan.doc69@clinic.com,08/262 Kohli Circle,Bala Circle,Mumbai,Maharashtra,488051,Cardiology,Neurology,207R00000X,Christian Medical College,2005,HOSP-0044,N,2016-03-12,Active,
PRAC-1078,Vanya Kala,MCI/MAH/93085,3189067261,2029-01-29,1977-04-02,Female,714437976317,97671884849,vanya.doc70@clinic.com,20- Date,Balasubramanian Marg,Pune,Maharashtra,461856,Pediatrics,Cardiology,208000000X,JIPMER,2004,HOSP-0041,N,2011-09-21,Active,
PRAC-1079,Hiran Gokhale,MCI/TAM/79366,0552603548,2027-06-20,1992-10-27,Female,678889455191,98555635737,hiran.doc51@clinic.com,80/65- Mann Zila,Tella Circle,Madurai,Tamil Nadu,672116,General Practice,Dermatology,208D00000X,Armed Forces Medical College,2018,HOSP-0042,Y,2021-10-10,Active,
PRAC-1080,Shlok Dhingra,MCI/WES/49520,5503568203,2030-06-10,1981-08-31,Female,945862771030,98667397048,shlok.doc61@clinic.com,H.No. 533 Jhaveri Marg,Bakshi Circle,Howrah,West Bengal,700398,Neurology,Dermatology,2084N0400X,All India Institute of Medical Sciences,2008,HOSP-0022,Y,2023-11-27,Active,
PRAC-1081,Aarav Sankaran,MCI/KAR/15198,2320893946,2027-11-29,1960-04-06,Other,690045594149,98896722682,aarav.doc29@clinic.com,H.No. 940 Kashyap,Chanda Road,Mysore,Karnataka,588900,Neurology,Pediatrics,2084N0400X,Armed Forces Medical College,1988,HOSP-0011,Y,2000-10-27,Active,
PRAC-1082,Ayesha Guha,MCI/TAM/24794,0975866516,2029-10-16,1995-11-06,Female,269384652054,97587764281,ayesha.doc48@clinic.com,99- Brar Nagar,,Coimbatore,Tamil Nadu,677301,Orthopedic Surgery,General Practice,207X00000X,JIPMER,2019,HOSP-0002,N,2022-01-28,Active,
PRAC-1083,Dharmajan Dhingra,MCI/MAH/43000,5225329782,2027-10-07,1965-02-22,Male,306167745360,98181925865,dharmajan.doc3@clinic.com,39/123- Mandal Road,Bakshi,Pune,Maharashtra,433801,Oncology,Pediatrics,207R00000X,JIPMER,1993,HOSP-0030,Y,2000-07-31,Active,
PRAC-1084,Aarush Bajwa,MCI/KAR/41923,3217233339,2027-10-02,1986-11-18,Other,382006429736,97370010321,aarush.doc53@clinic.com,51/75- Sangha Zila,Bala Road,Bangalore,Karnataka,567142,Cardiology,,207R00000X,Maulana Azad Medical College,2012,HOSP-0030,Y,2018-09-01,Active,
PRAC-1085,Umang Swaminathan,MCI/MAH/25502,0784861837,2027-06-10,1967-05-28,Female,302223651257,99166038150,umang.doc78@clinic.com,89/431 Dugar Zila,Kumar Chowk,Mumbai,Maharashtra,450937,General Surgery,,208600000X,Kasturba Medical College,1996,HOSP-0016,Y,2013-02-19,Active,
PRAC-1086,Ivan Varty,MCI/WES/95934,8344085166,2026-04-29,1976-07-02,Male,495383400307,99885920206,ivan.doc49@clinic.com,H.No. 797 Sur Marg,,Howrah,West Bengal,756355,Neurology,Cardiology,2084N0400X,All India Institute of Medical Sciences,2002,HOSP-0047,N,2019-07-10,Inactive,
PRAC-1087,Jivika Choudhury,MCI/DEL/88920,0748616071,2026-04-19,1984-03-14,Other,241630826097,98221705129,jivika.doc49@clinic.com,H.No. 46- Sahota Street,Dutta Circle,New Delhi,Delhi,110059,Dermatology,Cardiology,207N00000X,JIPMER,2013,HOSP-0047,N,2018-07-10,Active,
PRAC-1088,Shlok Dhawan,MCI/MAH/75993,2545049920,2027-03-23,1988-04-26,Female,402439758494,98599003129,shlok.doc9@clinic.com,87/377- Grover Street,Yadav Path,Pune,Maharashtra,471828,General Practice,,208D00000X,Christian Medical College,2017,HOSP-0007,N,2020-11-08,Active,
PRAC-1089,Sana Kumer,MCI/TAM/33995,3458488585,2028-08-19,1961-01-11,Female,706540747060,97552764957,sana.doc32@clinic.com,12- Krishna Marg,,Coimbatore,Tamil Nadu,645352,General Practice,,208D00000X,Christian Medical College,1990,HOSP-0012,N,2005-12-19,Active,
PRAC-1090,Inaaya  Amble,MCI/WES/46139,7144354226,2029-11-22,1960-06-06,Male,745432065800,99513037076,inaaya.doc12@clinic.com,474- Bhakta,,Howrah,West Bengal,796920,Dermatology,General Surgery,207N00000X,Maulana Azad Medical College,1990,HOSP-0020,Y,2012-03-20,Active,
PRAC-1091,Ehsaan Sami,MCI/DEL/78997,4919151405,2025-10-30,1974-05-24,Male,633220076280,98944427720,ehsaan.doc74@clinic.com,H.No. 548- Khosla,Mander Road,New Delhi,Delhi,110048,Cardiology,,207R00000X,Christian Medical College,2002,HOSP-0011,Y,2010-07-24,Active,
PRAC-1092,Tiya Bhatti,MCI/DEL/76505,9545977463,2029-02-26,1996-07-20,Female,082773534442,97705155453,tiya.doc84@clinic.com,88/684- Varkey Chowk,Ghose Circle,New Delhi,Delhi,110066,Cardiology,,207R00000X,Kasturba Medical College,2022,HOSP-0006,Y,2025-04-06,Active,
PRAC-1093,Vaibhav Doctor,MCI/KAR/88877,1810052320,2026-03-03,1967-01-18,Female,364257942441,97453491521,vaibhav.doc99@clinic.com,H.No. 884- Thakur Chowk,,Bangalore,Karnataka,568060,Orthopedic Surgery,Cardiology,207X00000X,All India Institute of Medical Sciences,1996,HOSP-0016,Y,2000-09-18,Active,
PRAC-1094,Manjari Saxena,MCI/KAR/35927,2427981494,2030-03-14,1996-11-19,Male,632235656634,98699208156,manjari.doc74@clinic.com,H.No. 49- Rajagopal Circle,Ganguly,Bangalore,Karnataka,567162,Orthopedic Surgery,General Surgery,207X00000X,Armed Forces Medical College,2021,HOSP-0001,N,2024-04-12,Active,
PRAC-1095,Seher Thakur,MCI/WES/29068,1425037473,2029-07-13,1972-03-22,Other,909459303364,97679041364,seher.doc71@clinic.com,953- Lad Path,,Kolkata,West Bengal,799742,Pediatrics,General Practice,208000000X,JIPMER,1999,HOSP-0049,Y,2011-07-23,Active,
PRAC-1096,Shalv Bhatt,MCI/KAR/86152,5709164962,2028-05-27,1981-08-16,Other,605911390981,99282380832,shalv.doc95@clinic.com,63/09 Mangat Path,Kibe Ganj,Mysore,Karnataka,585030,Dermatology,General Surgery,207N00000X,Christian Medical College,2005,HOSP-0019,N,2018-03-27,Active,
PRAC-1097,Abram Warrior,MCI/TAM/65132,2171264427,2029-08-21,1996-02-08,Female,190919712228,98828376948,abram.doc88@clinic.com,98 Chaudhari Zila,Sarraf Street,Madurai,Tamil Nadu,668768,General Practice,Cardiology,208D00000X,JIPMER,2021,HOSP-0020,N,2024-11-16,Active,
PRAC-1098,Himmat Kala,MCI/KAR/56405,8799824329,2026-02-01,1992-02-06,Other,094906201424,99945977372,himmat.doc33@clinic.com,02/99- Mann Zila,,Mysore,Karnataka,584054,Pediatrics,Neurology,208000000X,Christian Medical College,2018,HOSP-0002,N,2021-05-09,Active,
PRAC-1099,Amani Vaidya,MCI/DEL/13929,3409046114,2028-06-12,1986-03-24,Other,397024871319,98905556360,amani.doc53@clinic.com,H.No. 425- Mannan Street,,New Delhi,Delhi,110082,Orthopedic Surgery,Cardiology,207X00000X,Kasturba Medical College,2014,HOSP-0028,N,2021-12-19,Active,
PRAC-1100,Nirvi Golla,MCI/KAR/19962,2567433242,2030-05-16,1977-06-10,Female,488358138278,98971993156,nirvi.doc5@clinic.com,H.No. 55 Bir Marg,,Mysore,Karnataka,564841,Dermatology,General Practice,207N00000X,Maulana Azad Medical College,2006,HOSP-0005,Y,2015-12-30,Active,
PRAC-1101,Damini Gera,MCI/WES/30051,6696825817,2026-12-01,1982-03-04,Female,976783383020,98321035586,damini.doc94@clinic.com,36/85- Bala Marg,Tiwari Circle,Howrah,West Bengal,790794,Orthopedic Surgery,Dermatology,207X00000X,Maulana Azad Medical College,2011,HOSP-0041,Y,2023-11-21,Active,
PRAC-1102,Romil Datta,MCI/KAR/52539,7000339982,2025-11-30,1980-11-14,Other,308950410366,97835487785,romil.doc62@clinic.com,504- Zachariah Nagar,Sama Chowk,Bangalore,Karnataka,583506,Neurology,,2084N0400X,JIPMER,2005,HOSP-0041,N,2012-06-04,Active,
PRAC-1103,Onkar Dugar,MCI/WES/89638,6580178118,2029-05-03,1997-07-14,Female,831286683030,97265252400,onkar.doc74@clinic.com,610- Chaudhari,,Kolkata,West Bengal,725672,Orthopedic Surgery,Dermatology,207X00000X,All India Institute of Medical Sciences,2022,HOSP-0016,N,2025-03-20,Active,
PRAC-1104,Aarna Aurora,MCI/DEL/99158,3019332618,2025-08-17,1981-10-30,Male,113159106223,99571643029,aarna.doc19@clinic.com,67- Anand Path,Apte Ganj,New Delhi,Delhi,110092,Cardiology,Neurology,207R00000X,Armed Forces Medical College,2011,HOSP-0011,N,2018-05-19,Inactive,
PRAC-1105,Drishya Madan,MCI/WES/54220,0007239081,2028-06-06,1977-07-19,Male,601161363580,99194414143,drishya.doc58@clinic.com,91/49- Hari Path,Agarwal Road,Kolkata,West Bengal,722126,Orthopedic Surgery,Cardiology,207X00000X,Armed Forces Medical College,2004,HOSP-0023,N,2019-04-21,Active,
PRAC-1106,Vaibhav Rao,MCI/KAR/93263,7751879642,2025-08-22,1985-05-30,Other,733181598551,99000342026,vaibhav.doc72@clinic.com,H.No. 222- Sachdev,,Mysore,Karnataka,567135,Pediatrics,,208000000X,Kasturba Medical College,2011,HOSP-0018,Y,2023-04-13,Active,
PRAC-1107,Mishti Rao,MCI/KAR/32239,2179371280,2026-12-21,1977-08-14,Male,358146006685,97083373377,mishti.doc11@clinic.com,79/229 Kalita Circle,Jha Marg,Mysore,Karnataka,564934,General Surgery,Neurology,208600000X,JIPMER,2001,HOSP-0006,N,2017-05-22,Active,
PRAC-1108,Jayesh Loyal,MCI/TAM/12845,5130505495,2026-11-15,1983-06-24,Female,833111615455,98479501549,jayesh.doc91@clinic.com,59/86- Mangal Circle,Guha Chowk,Chennai,Tamil Nadu,676270,Cardiology,Dermatology,207R00000X,Maulana Azad Medical College,2008,HOSP-0015,Y,2015-03-17,Active,
PRAC-1109,Miraya Goyal,MCI/WES/95567,2324957242,2030-06-09,1977-08-04,Female,960993383610,97846838788,miraya.doc53@clinic.com,H.No. 389 Madan Ganj,Iyengar,Kolkata,West Bengal,790268,Oncology,General Surgery,207R00000X,Armed Forces Medical College,2004,HOSP-0044,Y,2014-02-03,Active,
PRAC-1110,Farhan Mann,MCI/DEL/43092,9900649986,2029-04-19,1963-02-13,Other,091871640862,98786731555,farhan.doc20@clinic.com,494- Chowdhury Road,Ravel Zila,New Delhi,Delhi,110054,General Surgery,,208600000X,All India Institute of Medical Sciences,1988,HOSP-0032,Y,1990-01-22,Active,
PRAC-1111,Kiara Sarraf,MCI/WES/96077,9680109033,2027-09-24,1979-08-16,Other,206483580647,99313188195,kiara.doc93@clinic.com,51/00- Saini Ganj,,Kolkata,West Bengal,728636,Dermatology,Orthopedic Surgery,207N00000X,Armed Forces Medical College,2003,HOSP-0022,N,2014-04-16,Active,
PRAC-1112,Miraya Ratti,MCI/MAH/67827,3971099344,2028-11-18,1988-10-25,Other,955689980856,97737527802,miraya.doc14@clinic.com,82/49 Gara Marg,,Nagpur,Maharashtra,437791,Oncology,General Practice,207R00000X,Maulana Azad Medical College,2018,HOSP-0028,Y,2025-02-15,Active,
PRAC-1113,Kismat Tandon,MCI/WES/52771,4854573125,2026-12-14,1963-11-02,Female,474501074951,98187125064,kismat.doc73@clinic.com,30/394- Gandhi Street,Kala Zila,Howrah,West Bengal,786224,Neurology,General Surgery,2084N0400X,Armed Forces Medical College,1992,HOSP-0016,Y,1996-07-09,Active,
PRAC-1114,Anay Uppal,MCI/MAH/18660,4290000363,2027-10-31,1988-08-26,Female,179837280209,98304508148,anay.doc39@clinic.com,586 Kumar Path,Rama Road,Pune,Maharashtra,440946,Cardiology,Pediatrics,207R00000X,Kasturba Medical College,2012,HOSP-0034,N,2021-09-08,Active,
PRAC-1115,Kaira Mander,MCI/MAH/41326,8898709123,2028-09-07,1990-12-26,Other,122915655175,99700461607,kaira.doc4@clinic.com,14/54- Kale Road,Malhotra Nagar,Mumbai,Maharashtra,480937,Pediatrics,Cardiology,208000000X,Kasturba Medical College,2015,HOSP-0007,Y,2020-08-20,Active,
PRAC-1116,Jayant Sur,MCI/KAR/54113,3348548052,2030-02-23,1986-02-08,Female,532856056618,98557707761,jayant.doc85@clinic.com,31/081- Chakrabarti Marg,,Mysore,Karnataka,571961,Dermatology,General Practice,207N00000X,Kasturba Medical College,2013,HOSP-0031,N,2023-12-14,Active,
PRAC-1117,Vanya Karnik,MCI/WES/97265,3674599915,2028-11-17,1960-09-19,Male,752225555235,99859604002,vanya.doc94@clinic.com,H.No. 64 Mani Path,Sarkar Path,Howrah,West Bengal,774616,Cardiology,Orthopedic Surgery,207R00000X,Maulana Azad Medical College,1987,HOSP-0024,N,2022-03-20,Active,
PRAC-1118,Suhana Das,MCI/TAM/88295,6985684762,2027-08-23,1994-09-17,Other,726429871294,99239593447,suhana.doc46@clinic.com,H.No. 63 Mahal Chowk,Kannan Road,Madurai,Tamil Nadu,619864,Cardiology,Neurology,207R00000X,Kasturba Medical College,2020,HOSP-0012,Y,2025-02-08,Active,
PRAC-1119,Dhruv Rajagopal,MCI/KAR/27659,2399058978,2029-12-03,1966-03-16,Other,399690670709,99147092063,dhruv.doc69@clinic.com,34- Gokhale Path,Rana Zila,Mysore,Karnataka,585049,General Surgery,Dermatology,208600000X,JIPMER,1991,HOSP-0046,Y,2010-11-18,Active,
PRAC-1120,Baiju Sha,MCI/DEL/78988,2379214320,2030-06-10,1980-03-26,Male,886200117003,98219262273,baiju.doc63@clinic.com,H.No. 861 Sabharwal Zila,,New Delhi,Delhi,110088,Oncology,Orthopedic Surgery,207R00000X,All India Institute of Medical Sciences,2008,HOSP-0036,Y,2018-05-10,Active,
PRAC-1121,Nishith Gupta,MCI/WES/69926,9672263362,2029-08-01,1991-09-02,Other,861856762020,99397549778,nishith.doc25@clinic.com,97/151- Aggarwal,Singh Nagar,Howrah,West Bengal,715139,Dermatology,Pediatrics,207N00000X,Armed Forces Medical College,2016,HOSP-0012,N,2021-04-22,Active,
PRAC-1122,Samarth Chaudhry,MCI/WES/34334,5298182718,2028-11-10,1972-07-15,Female,058031554228,97872402653,samarth.doc99@clinic.com,78 Sastry Circle,,Kolkata,West Bengal,719867,General Surgery,,208600000X,Armed Forces Medical College,1996,HOSP-0029,N,2008-02-17,Active,
PRAC-1123,Onkar Bhargava,MCI/KAR/63858,2166575564,2027-12-03,1979-12-29,Female,924424132985,98548934395,onkar.doc39@clinic.com,32/70- Chaudhry Ganj,,Mysore,Karnataka,566800,General Surgery,Neurology,208600000X,Kasturba Medical College,2009,HOSP-0020,Y,2017-05-12,Active,
PRAC-1124,Zaina Ramachandran,MCI/WES/25040,5893392453,2027-01-03,1968-07-06,Male,063062245629,98008391259,zaina.doc33@clinic.com,H.No. 56 Gill Chowk,,Howrah,West Bengal,749548,General Practice,Pediatrics,208D00000X,Armed Forces Medical College,1994,HOSP-0019,N,2006-02-12,Active,
PRAC-1125,Ojas Brar,MCI/MAH/68344,7387458674,2029-07-27,1972-04-01,Other,120045816470,98242104858,ojas.doc95@clinic.com,H.No. 484- Mall Road,,Pune,Maharashtra,476492,Cardiology,Orthopedic Surgery,207R00000X,Armed Forces Medical College,1997,HOSP-0008,Y,1999-05-26,Inactive,
PRAC-1126,Nitara Bedi,MCI/MAH/59736,3358307966,2025-11-06,1982-05-13,Female,111161899589,99301145365,nitara.doc84@clinic.com,H.No. 029- Varghese Marg,Varkey Marg,Mumbai,Maharashtra,470033,Cardiology,Neurology,207R00000X,Kasturba Medical College,2011,HOSP-0029,N,2021-08-04,Active,
PRAC-1127,Dishani Bhatia,MCI/MAH/30692,8466769782,2026-02-11,1970-04-14,Other,406855064021,99703618491,dishani.doc20@clinic.com,48- Sule Circle,,Mumbai,Maharashtra,436147,Neurology,,2084N0400X,Armed Forces Medical College,1998,HOSP-0042,N,2002-02-08,Active,
PRAC-1128,Raghav Wason,MCI/TAM/39545,0315171874,2030-05-18,1994-12-27,Other,313235004374,99444666944,raghav.doc98@clinic.com,23/428- Acharya Circle,,Madurai,Tamil Nadu,626911,Oncology,Pediatrics,207R00000X,Armed Forces Medical College,2022,HOSP-0034,N,2024-07-28,Active,
PRAC-1129,Anvi Choudhry,MCI/KAR/13896,9768656558,2030-01-08,1990-08-25,Male,421596806188,98449940745,anvi.doc56@clinic.com,H.No. 819 Upadhyay Chowk,Rout Chowk,Bangalore,Karnataka,566559,General Surgery,General Practice,208600000X,Maulana Azad Medical College,2019,HOSP-0002,N,2023-05-16,Active,
PRAC-1130,Stuvan Sarkar,MCI/MAH/20306,6829409781,2028-02-27,1974-05-14,Female,096342777238,98014805990,stuvan.doc43@clinic.com,70/274 Talwar Circle,Sha Path,Mumbai,Maharashtra,476076,Cardiology,Pediatrics,207R00000X,Christian Medical College,1999,HOSP-0028,N,2003-04-27,Active,
PRAC-1131,Nishith Kothari,MCI/WES/53521,2367251557,2025-12-21,1974-05-08,Other,489100366133,97789002805,nishith.doc76@clinic.com,62- Swamy,Goyal,Howrah,West Bengal,799003,Dermatology,Oncology,207N00000X,Christian Medical College,2003,HOSP-0046,Y,2023-08-02,Active,
PRAC-1132,Dishani Dora,MCI/KAR/64724,1033743954,2029-10-24,1980-08-02,Other,861790274947,97580605197,dishani.doc5@clinic.com,692 Raval Street,,Mysore,Karnataka,582461,Neurology,Cardiology,2084N0400X,Christian Medical College,2005,HOSP-0043,Y,2009-08-14,Active,
PRAC-1133,Tejas Mangat,MCI/MAH/42407,5149118805,2027-05-10,1991-05-06,Female,912854474249,98484309645,tejas.doc85@clinic.com,26/08 Saini Ganj,,Pune,Maharashtra,446991,Oncology,Pediatrics,207R00000X,Maulana Azad Medical College,2019,HOSP-0034,Y,2024-12-30,Active,
PRAC-1134,Aarush Dutta,MCI/DEL/65384,9323658361,2029-04-22,1966-11-09,Female,507515152075,99093855054,aarush.doc36@clinic.com,60/56 Batta Circle,,New Delhi,Delhi,110071,Neurology,General Practice,2084N0400X,Armed Forces Medical College,1994,HOSP-0049,N,2021-05-17,Active,
PRAC-1135,Piya Agarwal,MCI/MAH/49460,2442108600,2030-05-21,1959-09-20,Male,691341411337,98443561021,piya.doc55@clinic.com,41/542- Singhal Ganj,Varkey Marg,Nagpur,Maharashtra,495618,Oncology,General Practice,207R00000X,JIPMER,1986,HOSP-0035,Y,2005-03-21,Active,
PRAC-1136,Prisha Suresh,MCI/DEL/98861,2061983861,2030-07-02,1990-10-13,Male,741274483924,97583204521,prisha.doc46@clinic.com,H.No. 079 Andra Road,Kala Road,New Delhi,Delhi,110054,Pediatrics,General Practice,208000000X,All India Institute of Medical Sciences,2017,HOSP-0003,N,2021-05-23,Active,
PRAC-1137,Sahil Sekhon,MCI/WES/23076,1797986241,2027-05-01,1972-12-04,Female,187874533273,99087152754,sahil.doc1@clinic.com,H.No. 319 Bandi Path,Bera Chowk,Kolkata,West Bengal,798534,General Practice,Cardiology,208D00000X,All India Institute of Medical Sciences,2000,HOSP-0022,Y,2009-04-28,Active,
PRAC-1138,Arhaan Goel,MCI/MAH/26197,5087877475,2026-04-28,1974-06-27,Other,384530102649,99460466778,arhaan.doc48@clinic.com,316 Vala Street,,Nagpur,Maharashtra,450829,Cardiology,Neurology,207R00000X,Christian Medical College,2003,HOSP-0022,N,2005-12-02,Active,
PRAC-1139,Oorja Karpe,MCI/TAM/17672,6413884437,2027-07-13,1965-01-17,Other,358625646317,97828675013,oorja.doc15@clinic.com,87/89 Madan Zila,Thakkar Chowk,Madurai,Tamil Nadu,670943,Cardiology,Neurology,207R00000X,JIPMER,1989,HOSP-0015,N,2017-09-29,Active,
PRAC-1140,Devansh Sarkar,MCI/WES/84945,3243903478,2027-12-05,1971-06-09,Other,035790351346,98289361531,devansh.doc7@clinic.com,03/74- Balakrishnan Road,,Howrah,West Bengal,777264,Pediatrics,Cardiology,208000000X,Maulana Azad Medical College,1997,HOSP-0044,Y,2024-07-26,Active,
PRAC-1141,Ishaan Buch,MCI/WES/78611,6553008987,2029-06-20,1997-08-11,Female,874689395749,98447499845,ishaan.doc96@clinic.com,03/464- Konda Street,Shah,Howrah,West Bengal,739787,Oncology,Dermatology,207R00000X,Kasturba Medical College,2025,HOSP-0046,N,2027-01-01,Active,
PRAC-1142,Vihaan Bhavsar,MCI/DEL/90373,8265348581,2030-08-07,1988-11-05,Female,815820134248,97605134897,vihaan.doc53@clinic.com,H.No. 942 Bahl Street,,New Delhi,Delhi,110091,Neurology,General Practice,2084N0400X,All India Institute of Medical Sciences,2013,HOSP-0004,Y,2015-10-13,Active,
PRAC-1143,Divyansh Mallick,MCI/DEL/41320,1839492932,2029-01-07,1977-05-08,Other,286677989297,97193475618,divyansh.doc16@clinic.com,82/10- Mani,D’Alia Chowk,New Delhi,Delhi,110055,General Surgery,Dermatology,208600000X,Armed Forces Medical College,2004,HOSP-0025,Y,2009-01-10,Active,
PRAC-1144,Indrans Rau,MCI/DEL/99506,1394190107,2028-01-17,1978-11-04,Female,653071810498,99064175201,indrans.doc40@clinic.com,728 Dewan,,New Delhi,Delhi,110025,Pediatrics,Orthopedic Surgery,208000000X,JIPMER,2005,HOSP-0049,Y,2010-03-24,Under Review,
PRAC-1145,Anvi Chauhan,MCI/WES/73985,1965542672,2029-10-22,1972-04-27,Male,760458823253,97937596507,anvi.doc58@clinic.com,15/84 Kalla Circle,,Kolkata,West Bengal,713798,Cardiology,Orthopedic Surgery,207R00000X,JIPMER,1998,HOSP-0044,Y,2009-04-20,Active,
PRAC-1146,Kimaya Golla,MCI/DEL/25567,9580611546,2026-02-02,1976-01-25,Male,764770424577,99921612760,kimaya.doc35@clinic.com,64/807 Bhatnagar Ganj,,New Delhi,Delhi,110045,General Practice,Pediatrics,208D00000X,Christian Medical College,2004,HOSP-0049,N,2015-08-02,Active,
PRAC-1147,Reyansh Sani,MCI/TAM/52483,4234270590,2027-09-20,1984-08-30,Other,554884126792,98248290583,reyansh.doc17@clinic.com,H.No. 790 Malhotra Nagar,,Chennai,Tamil Nadu,682398,Orthopedic Surgery,,207X00000X,Christian Medical College,2014,HOSP-0042,N,2021-07-29,Active,
PRAC-1148,Kashvi Krishnan,MCI/TAM/59278,3536214959,2026-05-20,1979-01-10,Male,061492002808,98477620115,kashvi.doc15@clinic.com,025- Upadhyay Nagar,,Chennai,Tamil Nadu,604224,Neurology,Orthopedic Surgery,2084N0400X,Christian Medical College,2003,HOSP-0045,N,2005-09-05,Inactive,
PRAC-1149,Ritvik Khare,MCI/WES/80098,6333267181,2029-03-21,1990-05-03,Male,298050833263,97940800974,ritvik.doc87@clinic.com,H.No. 77 Rau Chowk,Handa Zila,Kolkata,West Bengal,755104,Neurology,Orthopedic Surgery,2084N0400X,Kasturba Medical College,2018,HOSP-0039,Y,2024-03-19,Active,
PRAC-1150,Vedika Rao,MCI/KAR/91562,3289348603,2030-07-10,1976-12-22,Male,740723613034,97960714378,vedika.doc55@clinic.com,67/476- Dada Zila,Saha Nagar,Mysore,Karnataka,584907,Orthopedic Surgery,General Surgery,207X00000X,Armed Forces Medical College,2002,HOSP-0045,Y,2017-09-15,Active,
PRAC-1151,Devansh Halder,MCI/WES/86048,1259835949,2028-09-08,1987-05-31,Female,586527417597,98526906173,devansh.doc88@clinic.com,H.No. 01 Karan Marg,Chacko Nagar,Howrah,West Bengal,700698,Neurology,Pediatrics,2084N0400X,JIPMER,2013,HOSP-0028,N,2018-09-13,Active,
PRAC-1152,Raunak Ramesh,MCI/WES/25902,9035734373,2027-11-21,1980-01-25,Other,923879553068,98436374548,raunak.doc86@clinic.com,96/170 Rama,Lanka Marg,Howrah,West Bengal,717278,Cardiology,Dermatology,207R00000X,All India Institute of Medical Sciences,2008,HOSP-0046,N,2014-12-29,Active,
PRAC-1153,Mahika Sharma,MCI/DEL/72014,7347661897,2028-12-02,1966-05-26,Other,492102935669,97832682512,mahika.doc43@clinic.com,37/907- Doctor Road,,New Delhi,Delhi,110051,General Surgery,Pediatrics,208600000X,Maulana Azad Medical College,1993,HOSP-0025,Y,2022-12-16,Active,
PRAC-1154,Kashvi Kalla,MCI/TAM/96489,6792255393,2025-09-14,1987-11-20,Other,314824351334,99456168949,kashvi.doc29@clinic.com,H.No. 010- Rattan Ganj,Mand Ganj,Madurai,Tamil Nadu,686857,Oncology,Orthopedic Surgery,207R00000X,Christian Medical College,2014,HOSP-0013,Y,2017-05-20,Under Review,
PRAC-1155,Sana Rajan,MCI/DEL/55423,6750286415,2026-09-17,1993-12-14,Other,570276646827,97482640354,sana.doc88@clinic.com,H.No. 186- Sama Chowk,,New Delhi,Delhi,110091,Orthopedic Surgery,Pediatrics,207X00000X,Armed Forces Medical College,2023,HOSP-0005,Y,2025-07-09,Active,
PRAC-1156,Himmat Seth,MCI/MAH/62877,3778450325,2026-10-08,1983-05-02,Other,271493533579,97713793125,himmat.doc81@clinic.com,71/523- Bava Road,,Pune,Maharashtra,429224,Pediatrics,General Practice,208000000X,Maulana Azad Medical College,2009,HOSP-0042,Y,2017-05-24,Active,
PRAC-1157,Ishita Iyengar,MCI/DEL/70547,4490727555,2029-04-18,1963-04-23,Male,546276731859,99238357768,ishita.doc81@clinic.com,28/05- Kashyap Zila,,New Delhi,Delhi,110069,Orthopedic Surgery,General Surgery,207X00000X,JIPMER,1992,HOSP-0037,N,2014-06-19,Active,
PRAC-1158,Aaina Rout,MCI/WES/76531,6631024512,2029-06-08,1970-03-12,Other,832350137120,99037429274,aaina.doc93@clinic.com,H.No. 529- Reddy Street,,Howrah,West Bengal,726779,Neurology,Orthopedic Surgery,2084N0400X,Kasturba Medical College,1995,HOSP-0022,Y,2022-11-06,Active,
PRAC-1159,Badal Kamdar,MCI/WES/90403,1486237792,2029-07-08,1962-06-07,Other,784573001604,97704455286,badal.doc2@clinic.com,97/592- Sawhney Road,,Howrah,West Bengal,706974,Orthopedic Surgery,General Practice,207X00000X,JIPMER,1988,HOSP-0021,N,2004-11-07,Active,
PRAC-1160,Advik Rajagopal,MCI/KAR/45558,8740188024,2027-05-18,1984-07-10,Female,630818998901,98841153209,advik.doc45@clinic.com,06/335- Saran Road,,Mysore,Karnataka,562143,Cardiology,,207R00000X,Christian Medical College,2010,HOSP-0008,Y,2012-11-26,Under Review,
PRAC-1161,Rohan Jani,MCI/TAM/49728,5767694044,2027-09-16,1984-12-30,Other,107660993883,99484045384,rohan.doc20@clinic.com,H.No. 28- Shere Street,Thaman Nagar,Madurai,Tamil Nadu,620603,Oncology,Cardiology,207R00000X,Armed Forces Medical College,2014,HOSP-0025,Y,2022-09-17,Active,
PRAC-1162,Aniruddh Kaul,MCI/TAM/43259,6211543782,2027-12-08,1979-09-02,Other,211019288904,98246508551,aniruddh.doc10@clinic.com,H.No. 35 Sibal Ganj,Reddy Nagar,Madurai,Tamil Nadu,604861,Pediatrics,,208000000X,JIPMER,2005,HOSP-0048,Y,2023-02-26,Active,
PRAC-1163,Adira Hans,MCI/TAM/52177,9693405743,2026-02-22,1963-02-21,Female,846756458344,98756802677,adira.doc84@clinic.com,H.No. 90 Gera Zila,,Madurai,Tamil Nadu,674936,Cardiology,Oncology,207R00000X,Christian Medical College,1990,HOSP-0006,Y,2024-01-03,Active,
PRAC-1164,Indranil Raju,MCI/DEL/16620,6279569421,2028-11-12,1963-08-03,Male,098513735174,98566871189,indranil.doc24@clinic.com,H.No. 63 Chanda Road,,New Delhi,Delhi,110084,Pediatrics,Cardiology,208000000X,Christian Medical College,1990,HOSP-0025,N,2025-06-09,Active,
PRAC-1165,Umang Gopal,MCI/KAR/84893,4050444527,2026-08-27,1961-06-13,Male,551282627513,97879797274,umang.doc6@clinic.com,95/59- Basu Road,,Mysore,Karnataka,588588,General Practice,General Surgery,208D00000X,All India Institute of Medical Sciences,1989,HOSP-0027,N,1992-10-28,Active,
PRAC-1166,Raunak Brahmbhatt,MCI/TAM/47075,4157510096,2027-05-17,1979-03-01,Female,692380920718,98196503649,raunak.doc98@clinic.com,H.No. 613- Lad Ganj,Saran,Coimbatore,Tamil Nadu,628298,Dermatology,Oncology,207N00000X,Armed Forces Medical College,2006,HOSP-0012,Y,2022-04-01,Active,
PRAC-1167,Raunak Dube,MCI/WES/11476,1678803614,2027-04-01,1990-08-11,Male,409288685624,97546437260,raunak.doc67@clinic.com,55/76 Arora Road,Basu Marg,Howrah,West Bengal,702381,Orthopedic Surgery,,207X00000X,Armed Forces Medical College,2017,HOSP-0006,Y,2021-07-03,Active,
PRAC-1168,Lavanya Bawa,MCI/WES/13025,9114489732,2026-12-18,1977-12-17,Female,448928295528,98434634201,lavanya.doc53@clinic.com,06/26 Devi Path,Sule,Kolkata,West Bengal,703070,Oncology,Neurology,207R00000X,Kasturba Medical College,2003,HOSP-0021,Y,2017-11-06,Inactive,
PRAC-1169,Stuvan Lal,MCI/KAR/59444,6081488501,2026-11-05,1991-02-14,Male,877212219763,97747456313,stuvan.doc47@clinic.com,H.No. 956 Shah Street,,Mysore,Karnataka,588448,General Surgery,,208600000X,Kasturba Medical College,2017,HOSP-0013,N,2019-06-17,Active,
PRAC-1170,Lakshay Krish,MCI/MAH/10627,2638156519,2026-06-14,1967-07-31,Other,904618194978,99048947976,lakshay.doc28@clinic.com,31/575- Agate Nagar,,Nagpur,Maharashtra,496792,General Practice,Orthopedic Surgery,208D00000X,Christian Medical College,1996,HOSP-0029,N,2014-04-29,Active,
PRAC-1171,Bhavin Shukla,MCI/KAR/80772,6051745905,2026-08-28,1977-10-30,Male,829730106813,98974677513,bhavin.doc88@clinic.com,H.No. 369- Chawla Marg,,Mysore,Karnataka,586611,General Practice,Cardiology,208D00000X,Kasturba Medical College,2005,HOSP-0007,Y,2009-04-02,Active,
PRAC-1172,Eshani Kamdar,MCI/KAR/99008,4550925618,2028-07-05,1966-08-09,Other,799824114642,99703219459,eshani.doc37@clinic.com,52/747 Chahal Street,Rajagopalan Street,Bangalore,Karnataka,564886,Neurology,,2084N0400X,Christian Medical College,1992,HOSP-0041,Y,2024-10-10,Active,
PRAC-1173,Yashvi Rajagopalan,MCI/TAM/35524,4148220428,2025-12-15,1986-04-08,Other,960159999555,97233904789,yashvi.doc57@clinic.com,99- Sane,,Madurai,Tamil Nadu,644793,Oncology,Neurology,207R00000X,Maulana Azad Medical College,2016,HOSP-0016,Y,2021-07-09,Active,
PRAC-1174,Saksham Dash,MCI/MAH/98749,3196941620,2026-06-26,1981-01-20,Female,891512199793,98463595280,saksham.doc65@clinic.com,95 Deo Road,,Nagpur,Maharashtra,446820,Dermatology,General Practice,207N00000X,Maulana Azad Medical College,2007,HOSP-0032,Y,2010-02-07,Active,
PRAC-1175,Advika Deep,MCI/MAH/16757,1113358169,2029-01-31,1977-01-16,Male,095562947834,98234180353,advika.doc73@clinic.com,H.No. 03- Johal Marg,,Pune,Maharashtra,429406,Pediatrics,Cardiology,208000000X,Christian Medical College,2006,HOSP-0041,Y,2008-11-20,Active,
PRAC-1176,Myra Chander,MCI/TAM/42319,7517147427,2028-09-23,1963-03-21,Other,025503483502,98719044390,myra.doc68@clinic.com,99- Kota Circle,Manda Nagar,Chennai,Tamil Nadu,648181,General Surgery,Neurology,208600000X,Maulana Azad Medical College,1988,HOSP-0018,Y,2005-07-18,Inactive,
PRAC-1177,Bhamini Dayal,MCI/DEL/48988,5403025028,2028-05-05,1967-01-02,Other,238738885489,98224366597,bhamini.doc69@clinic.com,H.No. 700 Kibe Street,,New Delhi,Delhi,110098,General Surgery,General Practice,208600000X,Armed Forces Medical College,1993,HOSP-0024,N,2015-03-12,Active,
PRAC-1178,Eshani Krishna,MCI/TAM/59590,6249863778,2028-03-26,1989-05-17,Male,754540029169,98464902880,eshani.doc45@clinic.com,H.No. 82- Dasgupta Path,,Madurai,Tamil Nadu,626892,Cardiology,Neurology,207R00000X,JIPMER,2016,HOSP-0012,N,2020-08-12,Active,
PRAC-1179,Kismat Swamy,MCI/WES/10128,8613237980,2026-07-30,1980-07-24,Female,556088322727,97201616685,kismat.doc6@clinic.com,37 Khatri Street,,Howrah,West Bengal,778429,Dermatology,Neurology,207N00000X,Christian Medical College,2008,HOSP-0006,Y,2020-08-31,Active,
PRAC-1180,Devansh D’Alia,MCI/WES/85616,3039867143,2026-07-07,1979-08-08,Other,418695657639,97190668065,devansh.doc65@clinic.com,H.No. 812 Sarin Circle,,Kolkata,West Bengal,741412,Neurology,General Practice,2084N0400X,Kasturba Medical College,2008,HOSP-0050,Y,2018-11-12,Inactive,
PRAC-1181,Suhana Tara,MCI/TAM/35759,8365555795,2030-07-24,1964-08-23,Other,663904465680,98878702395,suhana.doc72@clinic.com,H.No. 98 Ramachandran Zila,,Chennai,Tamil Nadu,677590,Oncology,General Practice,207R00000X,JIPMER,1992,HOSP-0005,N,2007-10-02,Active,
PRAC-1182,Mohanlal Ranganathan,MCI/KAR/89539,7631669419,2027-08-12,1988-07-11,Female,595010085340,98764331775,mohanlal.doc22@clinic.com,27/395 Grover Path,,Mysore,Karnataka,585740,Neurology,,2084N0400X,All India Institute of Medical Sciences,2018,HOSP-0014,Y,2020-07-04,Active,
PRAC-1183,Romil Barad,MCI/MAH/82817,3701655471,2026-05-09,1987-10-23,Female,955262275602,99232526711,romil.doc73@clinic.com,37/237- Krishnan Road,,Mumbai,Maharashtra,464062,General Practice,Cardiology,208D00000X,Christian Medical College,2014,HOSP-0045,Y,2022-06-04,Active,
PRAC-1184,Emir Grewal,MCI/DEL/62296,5380006368,2027-04-21,1984-01-24,Male,107847520578,97139948993,emir.doc52@clinic.com,H.No. 58- Sani Circle,,New Delhi,Delhi,110031,General Practice,General Surgery,208D00000X,All India Institute of Medical Sciences,2010,HOSP-0035,N,2025-07-01,Active,
PRAC-1185,Jivika Chandra,MCI/KAR/53576,7462557405,2027-05-11,1959-08-27,Other,563541735365,99121716732,jivika.doc4@clinic.com,44/095 Sahota Path,,Mysore,Karnataka,569376,General Surgery,Cardiology,208600000X,Kasturba Medical College,1987,HOSP-0009,N,2019-10-01,Active,
PRAC-1186,Dhanush Hora,MCI/WES/88163,5120268829,2026-05-24,1990-06-02,Male,489746512204,98710649904,dhanush.doc45@clinic.com,71- Ganguly Circle,Sandhu Zila,Howrah,West Bengal,726908,Oncology,Cardiology,207R00000X,Maulana Azad Medical College,2019,HOSP-0014,Y,2021-11-07,Active,
PRAC-1187,Raunak Deshmukh,MCI/KAR/13969,1531626776,2029-11-14,1989-10-01,Female,057356848483,98344703542,raunak.doc28@clinic.com,H.No. 268- Manne Nagar,,Mysore,Karnataka,561040,Dermatology,General Surgery,207N00000X,All India Institute of Medical Sciences,2015,HOSP-0011,N,2019-07-13,Active,
PRAC-1188,Neelofar Dasgupta,MCI/MAH/77947,5838502853,2028-01-15,1963-08-18,Male,370679027757,99841445099,neelofar.doc38@clinic.com,H.No. 755- Kulkarni Circle,Kohli Road,Pune,Maharashtra,426220,Orthopedic Surgery,General Surgery,207X00000X,Armed Forces Medical College,1993,HOSP-0035,N,1996-07-23,Active,
PRAC-1189,Heer Randhawa,MCI/KAR/92235,2505126016,2026-02-05,1978-01-09,Male,516199645576,97417269263,heer.doc7@clinic.com,19/870- Sharaf Marg,Sami Marg,Mysore,Karnataka,575237,Pediatrics,General Surgery,208000000X,Armed Forces Medical College,2004,HOSP-0009,N,2019-04-02,Active,
PRAC-1190,Bhavin Wason,MCI/DEL/34604,4705827720,2026-09-20,1965-03-10,Other,120044507767,99511294147,bhavin.doc60@clinic.com,81- Jani Ganj,Ranganathan Ganj,New Delhi,Delhi,110001,General Surgery,Cardiology,208600000X,Kasturba Medical College,1989,HOSP-0020,Y,1997-02-06,Active,
PRAC-1191,Veer Doctor,MCI/DEL/82076,4591263461,2025-08-26,1997-03-04,Other,474676012455,99765371490,veer.doc17@clinic.com,12 Varty Chowk,Dutta Zila,New Delhi,Delhi,110011,Oncology,General Practice,207R00000X,JIPMER,2023,HOSP-0046,N,2025-03-16,Active,
PRAC-1192,Yuvaan Kanda,MCI/WES/93337,0014188327,2029-06-19,1971-01-14,Female,507033917174,97780864950,yuvaan.doc79@clinic.com,52/275 Bose Street,Dey Chowk,Kolkata,West Bengal,728363,Oncology,Orthopedic Surgery,207R00000X,JIPMER,2000,HOSP-0027,N,2005-03-27,Active,
PRAC-1193,Shanaya Manne,MCI/KAR/98239,3330424725,2026-10-07,1979-11-12,Female,544742769307,99316415506,shanaya.doc89@clinic.com,H.No. 294- Dara Street,Hari Road,Mysore,Karnataka,573978,Orthopedic Surgery,Oncology,207X00000X,Kasturba Medical College,2006,HOSP-0010,N,2024-11-13,Active,
PRAC-1194,Zaina Shenoy,MCI/KAR/71232,1111530378,2027-03-20,1972-07-03,Other,464440054114,98954965706,zaina.doc54@clinic.com,17/526- Dey Circle,,Mysore,Karnataka,566544,Dermatology,Orthopedic Surgery,207N00000X,Christian Medical College,1998,HOSP-0005,N,2024-06-16,Active,
PRAC-1195,Mishti Bakshi,MCI/WES/22338,8413963694,2028-06-13,1981-12-29,Male,922023302649,98656391660,mishti.doc22@clinic.com,36 Kade Path,,Kolkata,West Bengal,793441,Cardiology,Oncology,207R00000X,All India Institute of Medical Sciences,2011,HOSP-0023,N,2022-06-20,Active,
PRAC-1196,Kashvi Magar,MCI/WES/96274,4570638638,2029-02-07,1992-10-08,Other,722130179969,98464891776,kashvi.doc45@clinic.com,H.No. 86 Karpe Road,Chaudhry Street,Kolkata,West Bengal,708810,Cardiology,Dermatology,207R00000X,All India Institute of Medical Sciences,2019,HOSP-0013,N,2024-03-21,Active,
PRAC-1197,Adira Choudhry,MCI/KAR/71032,0638195980,2025-12-04,1976-09-15,Other,793652183566,97532175888,adira.doc38@clinic.com,59/034- Sha Zila,,Bangalore,Karnataka,569967,General Practice,Neurology,208D00000X,Christian Medical College,2003,HOSP-0028,Y,2008-05-26,Active,
PRAC-1198,Ehsaan Bedi,MCI/KAR/53816,6102135462,2030-05-13,1982-05-01,Male,524587151522,99691106234,ehsaan.doc98@clinic.com,H.No. 79- Sundaram Nagar,,Mysore,Karnataka,563139,Cardiology,Pediatrics,207R00000X,Maulana Azad Medical College,2007,HOSP-0047,N,2015-01-23,Active,
PRAC-1199,Oorja Singhal,MCI/MAH/20506,2138821987,2030-02-09,1983-05-26,Other,976404431570,98497878684,oorja.doc47@clinic.com,47/669 Chakrabarti Path,,Pune,Maharashtra,451307,Neurology,General Practice,2084N0400X,JIPMER,2009,HOSP-0023,Y,2024-01-16,Active,
